,A,B,C,D
2000-01-01,-0.5788670709959644,0.06777814322543069,-0.7387217775180994,-2.05274383835532
2000-01-02,-0.231922428659675,1.136684648720437,-0.20181601654589787,-2.123511124072779
2000-01-03,-0.2904919229133573,2.152093074844987,2.2458273590556996,-1.8827463880457567
2000-01-04,0.3248933090855734,2.5261677781071556,-0.1668342185691225,-3.449837777915869
2000-01-05,1.6099734859530668,5.686446113321706,0.03323303852963505,-3.176522889860152
2000-01-06,0.3648172510129939,5.1494242336274185,-1.241905439989563,-3.1179795926412064
2000-01-07,1.3788118641479847,5.1970388746278555,-0.5352253564412686,-2.8791136587863266
2000-01-08,1.6033949561738694,4.615316891440948,-1.823583281581763,-1.824008774293805
2000-01-09,1.7572346046784961,5.053754850262529,-2.5396468942100316,-3.0580400162771704
2000-01-10,1.7656904984920399,3.141471947094538,-3.9749437928930105,-3.5106720108575757
2000-01-11,2.039875803811125,3.263833175195787,-4.173218574926556,-3.160832741898205
2000-01-12,1.8563169381143585,2.687948070252573,-4.061247077154824,-4.19598474661964
2000-01-13,3.113282186483538,3.123204845637008,-5.56469967190617,-3.0352850489702017
2000-01-14,3.227049034702933,3.74072096226608,-5.729161854427228,-3.2198497471173235
2000-01-15,2.1667674402448975,2.876977265958988,-5.528030186002567,-2.2001857250750168
2000-01-16,2.250712394942323,3.2462285356910336,-5.86322723577516,-1.45163888187757
2000-01-17,3.9084810986612557,3.965894315616377,-3.7458647826659597,0.2994260254319281
2000-01-18,4.019347526483205,3.325770909657014,-5.297602250694457,-2.2607393510738762
2000-01-19,4.58197141016187,2.170460757030118,-5.733890778926557,-3.9731739755568594
2000-01-20,5.518849657568425,4.384280125834167,-4.416436436248569,-5.958534461155541
2000-01-21,6.338244821335169,4.473356272636351,-5.677210996532721,-5.071616068624701
2000-01-22,7.816360418820947,4.781477089549224,-5.456799633617326,-3.7849799870999985
2000-01-23,7.9515493616921775,4.012285539288283,-4.953525045221929,-3.54676161136221
2000-01-24,7.546504090268682,4.7697623498062285,-6.730865548817771,-4.4015827723429
2000-01-25,7.765362999726037,3.6726741681917687,-4.981328270909047,-5.206801389019869
2000-01-26,7.840398092395959,2.747939030156094,-4.6586810628760755,-5.370567645538441
2000-01-27,10.243298020838786,4.1191235593406414,-4.4322015110827,-3.87338867767828
2000-01-28,8.628955812065279,4.522794994947904,-4.587171143412543,-3.8711139445586817
2000-01-29,9.103010569169323,5.044434864765574,-5.175995038840007,-4.78949153847125
2000-01-30,10.351576886225942,3.8202060194642167,-3.626872769458908,-4.512959615382556
2000-01-31,9.188176009903847,4.793409118718323,-2.204714831440606,-5.288667613137663
2000-02-01,8.6050434859971,5.392069106487916,-2.0692808872292616,-5.3914887412225845
2000-02-02,8.268842212352308,5.82407109826172,-2.547309209300035,-6.915252352017242
2000-02-03,8.174255278985823,7.571942297260101,-2.372644414502899,-6.506030092655284
2000-02-04,8.49525267672383,7.211715146533638,-2.5086075612906638,-5.563001672697377
2000-02-05,8.58710556490763,6.153319564397854,-1.4252015942876184,-5.701795221157823
2000-02-06,9.952153568983887,6.8921205760008775,-2.9079891713373254,-7.597039213169276
2000-02-07,10.912231539233996,8.131338852059555,-4.014516335471978,-8.4779045766821
2000-02-08,11.155682987284072,8.52698936069263,-4.863066405413227,-10.37431823870126
2000-02-09,9.249213460494293,8.97807944565982,-2.9622512014151203,-10.17855700541025
2000-02-10,8.045562082647521,9.575269970172192,-2.8343748865521627,-11.780487735609103
2000-02-11,8.497750517154161,9.36287434663199,-2.1485068883603335,-11.671831748370275
2000-02-12,9.256445103885353,8.04661624542275,-2.5460775564971034,-9.602884672128791
2000-02-13,8.672157104547395,9.000630998511793,-2.3338185182804216,-9.592501587312517
2000-02-14,8.03218675568626,8.454895153816768,-2.2096268452120036,-9.733220526101817
2000-02-15,9.094920322299403,7.658392032165741,-1.5812242548067201,-10.37537904263451
2000-02-16,10.628987502343982,7.277180886410742,-1.0726224931525445,-10.370180794563979
2000-02-17,11.354515272611774,8.594895870553021,-0.846722665063308,-10.571549219904302
2000-02-18,11.254953638808944,8.904713283529137,0.4894628633865281,-9.797080626549732
2000-02-19,12.249933495926925,8.934379545477825,2.1697752843454494,-10.894155971305306
2000-02-20,12.555250235127641,9.396957709497713,4.221730535941628,-9.974823667706238
2000-02-21,11.862284126173083,10.690550213322833,5.984835200620226,-10.558653035542903
2000-02-22,10.940042088785008,10.479715768299545,5.99007176421722,-10.182007414358944
2000-02-23,10.86147407806373,8.996113597974356,4.647187618856929,-11.090962798878067
2000-02-24,9.059455670185733,6.799291368258535,3.7300972912249244,-10.254179165316433
2000-02-25,9.059886880936936,6.695704142601504,4.245129421421694,-8.510181009166082
2000-02-26,8.881975127734426,8.644791225309083,3.589376947535068,-8.671439810463767
2000-02-27,9.71569325924977,9.573275545628114,3.4354723911549643,-9.981974181775085
2000-02-28,8.422195213229505,11.326488187871938,2.785481748957856,-11.532975338387757
2000-02-29,8.371953981298699,9.61841253055066,3.217024708504614,-12.020204534151835
2000-03-01,8.069770960030661,9.377787694895737,1.735374197244842,-10.230418804370633
2000-03-02,7.883062490553859,8.990823924030648,0.9146676519196014,-10.727171870063069
2000-03-03,7.805052455006267,9.435578092523869,-0.11186860422158873,-12.01369705713306
2000-03-04,6.977981008963372,10.300745669639722,0.7179097816371354,-11.662187416955398
2000-03-05,8.107388008580557,11.204707173691862,0.5144529390737218,-10.686178267802523
2000-03-06,6.258332761483001,10.637841391703688,0.610335715983511,-10.194865809381199
2000-03-07,6.406029718317318,9.723113418524845,0.4130551322070886,-8.7623096989153
2000-03-08,6.419431035450772,9.349573246556844,2.544476766080948,-7.843740699194779
2000-03-09,7.9038989572538725,10.08243174437066,3.443346702315946,-8.546019878097727
2000-03-10,7.606958518416613,11.024234354990842,3.738363801131312,-7.728204695313165
2000-03-11,9.176263362940286,11.056637621659211,2.544790423208302,-8.328647964573635
2000-03-12,9.051796154716147,11.863429410803676,0.9383936594619471,-10.791357162711071
2000-03-13,6.861398021543307,12.045726044828944,-0.3441530121996541,-9.943300109911716
2000-03-14,7.293161849896232,11.687054589969563,0.45192354943786084,-9.772836318407677
2000-03-15,6.582960160645612,12.542005670216643,0.5067123582707805,-8.444354950864126
2000-03-16,7.312090368792165,13.727697915787019,-0.07456649372148827,-8.286995916372735
2000-03-17,6.100865028385465,14.626915652313087,0.1503093887518701,-9.042334997740502
2000-03-18,6.794982091599277,16.227820011586626,0.010460064144649672,-8.598256187502331
2000-03-19,9.175802530140263,16.793598691286757,0.0034354643313617445,-10.522346522997758
2000-03-20,8.564376840863057,15.730855050318137,-1.6296710483943515,-10.902930483285502
2000-03-21,7.910610018022673,15.997439208437122,-1.8137688581274514,-8.533273841670088
2000-03-22,9.198344989370089,14.21588090524755,-2.4620391499951486,-9.874298491651784
2000-03-23,8.839256031341353,14.02002474641186,-2.6558134285249015,-9.95356602700416
2000-03-24,8.70758432786181,13.037085921349547,-1.5193587076496726,-11.860840898330007
2000-03-25,9.3180964033214,13.15842463770587,1.33954278241985,-11.553877064371195
2000-03-26,9.402978215148911,13.692068954571997,1.7909067403115542,-10.657920410226376
2000-03-27,9.161211700515064,13.823717482633276,2.0733356445241373,-11.127642427560478
2000-03-28,8.589556140613062,12.914157313458862,3.0258647065348914,-9.190075561865342
2000-03-29,8.031104431851688,11.935532846166945,4.8992182948186125,-9.707019169748348
2000-03-30,9.429853374271314,10.348289778922917,5.7501161926366855,-9.750551605304151
2000-03-31,9.543416734026684,10.595965469235773,4.712566225737326,-9.565844574920131
2000-04-01,10.920776284756883,13.163717387049102,5.713544174353858,-11.116970588271162
2000-04-02,12.405687291156282,12.047152665014625,5.0763722694924605,-10.853965607587606
2000-04-03,11.807465607149023,10.669540028941094,4.8634998723774245,-11.32266801121154
2000-04-04,13.33052549629479,10.705408692165742,4.295868489690296,-11.258783080988048
2000-04-05,12.345306390368126,10.911755558756731,6.125447368719784,-10.80631912611207
2000-04-06,11.066264924475721,11.258210561423299,6.22096849877631,-11.409759400252923
2000-04-07,9.986356059145788,10.717040157688626,7.175473955365391,-11.97191846238351
2000-04-08,9.934219949349599,10.333524664587632,6.317975140468822,-10.18421970352264
2000-04-09,9.483962054318571,10.900261005563415,6.989028765314996,-10.202361138278725
2000-04-10,9.374218156035646,11.442683525964354,7.81659187725812,-9.565616437465042
2000-04-11,8.446857314399203,12.283038046244679,7.060872943201869,-10.140165340137816
2000-04-12,6.9053458356543915,10.794839095760027,7.9989059525569335,-9.637048557831317
2000-04-13,5.046978113204391,10.01696250760869,7.993939451456584,-9.437957956237856
2000-04-14,5.411758769139394,8.98476561397598,9.746033609999438,-8.896318637083633
2000-04-15,6.107540192186821,9.137264898174175,12.10669842639076,-8.969489153286347
2000-04-16,6.103891697459603,9.400234472023588,12.038907583271383,-7.298772572080383
2000-04-17,5.448554548722423,8.438884496820407,12.441544456785836,-7.0229851060651995
2000-04-18,4.350112229976016,9.134534501295787,12.415983594281371,-6.146965039023588
2000-04-19,5.474124046337155,10.324577342653253,12.560710168322236,-6.042296473712661
2000-04-20,6.379071003187169,9.33823314255926,11.379411100042837,-6.20218922474397
2000-04-21,6.474352857370906,9.068614242433586,10.945125504323677,-7.132470386241474
2000-04-22,7.019590391452807,8.322931477591354,12.170069679370071,-4.466309147788398
2000-04-23,6.890515644393165,9.475452352305156,11.787787299479302,-4.746313473433349
2000-04-24,6.4966484185562825,9.335269507059877,12.11357952910726,-5.5568287801019345
2000-04-25,9.013221451414523,10.709945348842735,12.42009776546011,-6.439709078108274
2000-04-26,10.166537754783118,10.567558414410584,12.325949848056158,-6.328304463418796
2000-04-27,10.390721968003398,9.948405856656684,12.879319936680947,-4.472331652023544
2000-04-28,11.344187372676995,9.840420932087813,13.864018140629303,-3.7072740838439766
2000-04-29,11.422381260213577,9.561027428202983,14.628219699390796,-2.8456817419685416
2000-04-30,11.77271503348052,10.246425152332199,13.571981608207066,-3.661767138405878
2000-05-01,12.724774667882004,9.507890786313432,15.129553746918724,-4.402648972248781
2000-05-02,11.519580634754984,8.230173874139766,15.3006671288839,-4.169696828475717
2000-05-03,12.64200871949711,9.160860205740699,15.890673618479537,-2.9537072032496146
2000-05-04,12.59197760507367,8.263015411785908,15.88180960648723,-2.2197454446834253
2000-05-05,11.119048093797996,6.955096266406421,15.743542318696038,-1.8708388983493927
2000-05-06,10.756655282534815,7.456526971927743,15.435857189161332,-1.3636126695281827
2000-05-07,12.164603311292598,8.469702847040953,15.411105063755763,-0.2878661328433556
2000-05-08,12.41113595880978,8.169666163081086,16.169027258432106,-0.1600065738188107
2000-05-09,12.217962494641462,7.754514101747675,16.018304369529865,-0.24480638861556347
2000-05-10,11.983856118186324,7.9083661950361135,12.461678642488865,-1.6194572743910678
2000-05-11,12.735901151155492,8.777834428799801,11.783181314229562,-0.6098342749628782
2000-05-12,13.137474060649787,9.143433104531182,12.38807475308281,-1.3175658083227115
2000-05-13,12.540467554701173,7.830320706028642,12.934570582589442,-0.636054501494148
2000-05-14,11.52813930365269,7.570601152031135,12.516302180999357,-1.4914331249808455
2000-05-15,12.10285169496721,8.953845399632723,12.497232237324326,-1.3732719334014405
2000-05-16,11.276057877312738,9.312309388959415,11.973149676886967,-0.6597679177888337
2000-05-17,11.14606787803961,8.549518692251823,13.158632053642522,1.4977161768334013
2000-05-18,10.712992319813496,10.271051624249282,12.952850673912002,0.6748248531528716
2000-05-19,12.769021592950313,10.63011025841816,13.961940324070525,-0.6112088948821279
2000-05-20,11.86901543776686,10.656321745495493,11.458887050933685,-0.12353714803219457
2000-05-21,11.936340370459604,10.261452650827508,12.334977809450207,-0.41274608833673687
2000-05-22,11.369371822523316,10.026283347640545,10.29148647068238,-0.315324557404154
2000-05-23,11.779181034960885,9.237740689054018,10.048961825754121,-1.092528420277683
2000-05-24,13.449790288317331,7.32611778819166,9.937102477082554,-1.5256356181954687
2000-05-25,13.762951897151114,10.050894824444743,10.671598677187683,-1.8410297703342422
2000-05-26,14.209247446080921,9.507503390445503,9.040148955959053,-1.7820527549488907
2000-05-27,13.845660402273582,9.459992549697889,9.869429401663009,-1.7591628654558285
2000-05-28,14.117742031308772,9.293867776484065,9.85482162410536,-1.4575372690816057
2000-05-29,14.724578201344286,8.986342279102312,9.802275206505286,-0.6049684233603204
2000-05-30,13.64219517825582,9.18805641175678,8.028734859696518,-0.39690003658827433
2000-05-31,13.8970931866139,9.291308008628054,6.823474972175664,-1.2804416181098632
2000-06-01,14.804992407369806,8.713049741180182,6.774333797181011,-2.1495900876977103
2000-06-02,14.660280058549125,8.26837651527385,7.7101776125350066,-1.4822401683175643
2000-06-03,14.477310010257197,7.647384785527836,6.5853734860300985,-2.339867892643605
2000-06-04,15.66423137030596,7.865305936493912,6.567862266986852,-1.8003029122295453
2000-06-05,16.376110921189724,7.904932233863337,5.9260747898413815,-1.0924272472727428
2000-06-06,15.78717384529195,8.80139030468686,6.99700818195361,-1.629370968345592
2000-06-07,15.669086480048033,10.445969252405163,7.669103804614668,-0.9108656921902355
2000-06-08,15.509150872927906,10.121450891623901,8.298275435833206,-0.9194293454888107
2000-06-09,14.744356557470585,10.530929487665157,8.810694961590933,-1.2913068372564833
2000-06-10,14.760989728524057,10.208173368176663,9.525228798054489,-0.5022430226310014
2000-06-11,14.14918117677159,9.473330526458593,10.069898117092148,-0.3230721872076103
2000-06-12,16.00547315682944,9.01071803317889,11.336740726573616,0.05057666504298469
2000-06-13,15.338187010087031,9.566286005733696,9.927092360805387,-0.12191952955925639
2000-06-14,14.649243782143479,10.606417710384154,11.909331387020758,0.5828767263728627
2000-06-15,14.498430117681982,11.44686565218161,12.833832619857878,1.3124273895449061
2000-06-16,13.522524498363259,9.66404542486543,11.094495122120268,1.7042171688375736
2000-06-17,14.270130418970409,10.239777499514219,10.11150851464579,3.3579459482192924
2000-06-18,13.752054843277667,9.877236801308692,10.056043563852011,4.104188098505218
2000-06-19,10.886483770375758,9.486263617576515,8.797075092678298,3.7790270531521193
2000-06-20,10.292277644388424,9.6663814160408,10.300080149543358,4.414910208683566
2000-06-21,10.825905708328854,10.61961384527535,9.40087532332522,3.3458989640801766
2000-06-22,11.913493500194651,11.85681147099537,9.051376320942744,1.889252730334586
2000-06-23,11.77927193652027,12.645436630728119,7.755056269057851,3.3430527362500086
2000-06-24,12.86735928396401,12.255653395317491,8.174964896482512,4.094349285196168
2000-06-25,13.371328238436488,12.498803676122511,6.969060991451663,3.2199168286525746
2000-06-26,12.923128505618804,11.320794082636397,5.630649420082834,1.7266381226650391
2000-06-27,13.787257948442685,12.991496407772328,4.313892986011546,0.0316160050357126
2000-06-28,14.584847472850857,11.468465036049572,3.996001512655367,0.3304536154160224
2000-06-29,15.00558009352256,11.038158949114589,1.6676384967928235,1.9260359988969262
2000-06-30,15.66088019030586,10.305306169985469,1.2786815991878595,1.5161038950591588
2000-07-01,16.28733672758503,11.15519147821271,0.131145236187721,1.4528401402487212
2000-07-02,15.874608682506114,10.429428603010095,-0.523436215641369,-0.3237634361493449
2000-07-03,16.524485301472797,9.237141949431159,-0.2669314818171229,-1.7187288634648035
2000-07-04,16.63352100691252,10.025064792933748,-0.08667820007235708,-2.938527885944346
2000-07-05,16.581659789696353,9.492284112297023,0.08560424175982892,-2.9067175923958484
2000-07-06,17.687454225168498,9.393744647995357,1.8362732981369811,-2.7147820917686913
2000-07-07,17.005035028649363,8.139211583245213,1.8639362602738963,-3.2364758409254453
2000-07-08,17.14369315635496,6.685661552936037,2.2777772596342483,-3.7213936450841385
2000-07-09,17.15508724834296,8.008089225117853,1.3289979324303407,-4.566666376069786
2000-07-10,16.575723822282924,9.220702098272493,3.136394033467983,-4.809331505479275
2000-07-11,16.43728762436848,11.15158938695025,4.1561640907718065,-5.00387217294944
2000-07-12,17.205965663326765,12.07354310436287,4.0974510471515435,-5.387879068649456
2000-07-13,18.917080369201965,13.038834106079722,5.765690447753607,-6.213659912471899
2000-07-14,20.6567645176158,12.225210701563213,4.7570467403926235,-6.227784574321982
2000-07-15,20.922926524175857,10.64285878016992,4.919251201145209,-6.614445302552967
2000-07-16,20.09000149469172,11.89053077116325,4.88797314594576,-6.325847760969866
2000-07-17,18.782985017073592,12.219223529657643,5.686363860976731,-6.972426297703045
2000-07-18,20.292531239972636,13.248976290915413,5.6962015136848,-6.964606947134563
2000-07-19,21.97112733994068,14.24111642400626,6.714048353959138,-6.1000254503195945
2000-07-20,22.355444873474745,14.49401171437846,5.563002877445518,-6.110375597567564
2000-07-21,22.626790175026024,14.852712717078544,4.957297209465808,-7.7678608350728755
2000-07-22,21.857072474259436,16.30228651307519,3.0872820303925335,-7.744102242141878
2000-07-23,20.441402597034617,16.69447376405373,3.967152656670365,-8.605088835213124
2000-07-24,20.252872030819205,19.165458346876143,4.372040885476854,-10.010184285875741
2000-07-25,18.675421844028765,18.453038110965238,6.496583363005646,-9.205947401972306
2000-07-26,19.500003505222608,18.76284197560543,8.044825731071228,-9.946671910124095
2000-07-27,19.8473901643062,17.468082037351923,8.623291186087457,-8.397583432694704
2000-07-28,20.83746440294819,17.597954281980638,7.6091868949692465,-9.16407064966364
2000-07-29,19.9249203976364,16.821338790567456,7.3073272416002935,-10.130067833233054
2000-07-30,20.73952010244388,16.747700491736282,7.205564843195213,-10.690633029292941
2000-07-31,21.30660459252774,15.772844194871658,5.735245357904255,-12.078558197027757
2000-08-01,21.09106998372824,16.244208249413628,6.646479572462753,-11.947112346827996
2000-08-02,21.049580483838206,16.022812192242693,7.136008105856059,-11.854111349113758
2000-08-03,20.371867458360978,15.902942106223362,7.34896507749979,-12.339746604836906
2000-08-04,20.31785779616176,15.478735598995216,7.058847819957597,-11.94356077914848
2000-08-05,20.120326187408242,15.545282927979478,7.4798471168469005,-12.272278701022934
2000-08-06,21.12246515374048,14.039192224166321,8.219321023997951,-11.435363241002838
2000-08-07,21.303029784358937,14.422588491835702,8.127917813629299,-10.978496278408354
2000-08-08,21.38390224678644,16.516661746477368,7.89857455804119,-11.357556922375736
2000-08-09,20.2733188576749,17.79991906791944,9.084179581381868,-11.182522841724541
2000-08-10,20.95605349645842,17.30812514786517,9.423030479434523,-13.41994561169496
2000-08-11,20.396662246035863,16.729584732498918,8.238432177954625,-12.330533069838898
2000-08-12,20.80390321732699,16.166774133110376,7.536808823154963,-13.052017499097083
2000-08-13,19.057517968918095,17.295039286452308,7.38853916265542,-13.827431654608773
2000-08-14,19.688978308628364,18.068048177273212,7.5542512940161375,-14.23319304897721
2000-08-15,19.666790120841895,16.91733320654233,8.056868785690261,-14.04278630162123
2000-08-16,17.49702776170948,18.122982824729945,8.228932727497533,-13.347750465931993
2000-08-17,16.969575239995603,18.5803316383277,8.85261103951276,-15.825771471229952
2000-08-18,18.039649637765336,18.38182777391376,10.378533859472384,-16.58324177300311
2000-08-19,19.91288160619617,19.066589345263516,11.17299142255943,-16.805869096461777
2000-08-20,19.8437656024173,19.023772965475693,10.74042748169801,-16.975711668742562
2000-08-21,19.49383348599556,18.841268936801093,9.707984086357959,-17.350106744222344
2000-08-22,20.04189157527806,18.211530637799992,9.262583707354526,-16.800691737093526
2000-08-23,19.019891865577854,17.050131794845523,10.162898246556919,-15.811552261914537
2000-08-24,21.373765948628783,15.65392943837084,9.206530926388718,-14.523434921846492
2000-08-25,20.064429724851315,15.182686222181825,9.04346468145592,-14.234354601741844
2000-08-26,20.708973105495676,15.462268341936115,9.652432291881269,-15.938346415231283
2000-08-27,20.13239839360304,15.401613062467355,8.680572367167123,-16.283992487912638
2000-08-28,18.98695191292328,15.071505990020952,8.587138195634024,-15.72099660650759
2000-08-29,18.830290308045335,16.91619407828153,8.480728255144836,-15.387192854452048
2000-08-30,17.629078608216382,15.464394550193777,7.809429541065383,-15.763277484837575
2000-08-31,17.166156921785056,14.551290485403202,9.1926857753031,-14.485381922890385
2000-09-01,18.461841700309257,13.422554865352161,7.61072926452945,-13.101936277499673
2000-09-02,17.955537929127356,13.90809141829224,9.069395219649714,-13.282650590677394
2000-09-03,17.738765514472604,12.788203592779457,9.950075456544244,-13.967434521593967
2000-09-04,18.37426142773193,12.086346300777963,10.430815219214189,-14.669984316791963
2000-09-05,18.847191200117532,10.844869770842047,9.618361705710349,-15.800823952619327
2000-09-06,18.628421792934653,10.850315921700798,10.313763672713796,-14.92894527323845
2000-09-07,18.48023241956219,11.136500704980717,10.877671144295222,-13.939675909114635
2000-09-08,18.636808501798306,9.8484174131575,11.224807281758999,-13.234992754195401
2000-09-09,19.65829570153945,10.368665584482272,12.30030282819199,-12.956159597160228
2000-09-10,19.646101343855644,9.255837461164692,10.850979925908337,-12.480529515482928
2000-09-11,21.585702065242014,9.774852084773917,12.622468625318339,-12.385061134285396
2000-09-12,21.961206896619604,8.236471965605725,14.111148866839578,-11.16574867082798
2000-09-13,23.083676632682465,10.766829884705682,13.862239263011096,-11.757699172540477
2000-09-14,23.354684403898876,10.52011744176765,12.038528640477399,-11.931089452778254
2000-09-15,22.05915668999105,11.255075408762808,12.07271364018785,-12.695193041249553
2000-09-16,21.6068511250994,10.510109846588499,11.837254873410822,-12.881053745157804
2000-09-17,20.99535433413877,9.959603880851972,11.88652651877042,-13.812084008344973
2000-09-18,21.918037438532632,8.270726552799486,12.424900598961353,-13.866466675433852
2000-09-19,21.98254663076995,7.90436223106499,12.850981954806828,-12.852015363808992
2000-09-20,21.991307771640347,6.239472698120731,12.244949207205384,-11.870071266625896
2000-09-21,22.735294784792675,5.628183220199064,13.255368073208155,-11.230296845694207
2000-09-22,25.41048678936724,6.522912740823092,15.07759952234531,-13.138897203462479
2000-09-23,24.71721461265411,6.727717258848964,14.278936391730275,-12.600096906829465
2000-09-24,23.319347962230868,5.9383619533074175,14.033992932145123,-13.36930295813088
2000-09-25,22.20496202901994,6.289181286976493,13.073328593050311,-13.48338409906397
2000-09-26,22.20016417935916,7.360241496279334,12.97289178566438,-13.611194791230877
2000-09-27,22.633029007472636,6.582130167822623,13.87304662699431,-13.253762724397337
2000-09-28,23.957913936992792,6.894958562444503,14.451488683179221,-13.045717144482339
2000-09-29,24.82703158589052,8.496092841655358,14.80203878662322,-11.39887440815921
2000-09-30,22.856834378962557,9.950242604806704,14.65718818603959,-10.909547217893396
2000-10-01,23.430360421857788,10.648546962326488,14.984014470555321,-9.211324030957512
2000-10-02,22.62124205235082,9.683400244833864,15.725585506515822,-9.028953269200265
2000-10-03,22.679005037288206,9.187840705924392,17.671682964384175,-8.500496337335182
2000-10-04,22.314477408090145,9.173461270277674,19.05853852432831,-10.013302667414653
2000-10-05,19.47550608905439,7.737005832313697,19.152684316400677,-10.43702552212895
2000-10-06,18.70415009183285,10.003237082311385,20.41043233837027,-10.781125108275836
2000-10-07,20.29260529050279,8.5744627395051,18.592187153659438,-11.901865108694324
2000-10-08,19.36172544867271,8.075591655961196,17.96221047991436,-11.581248845883355
2000-10-09,20.967637600555,8.758567523253712,18.240287611748847,-11.247453013015054
2000-10-10,21.00115080868852,8.518827644893562,18.777839724489525,-10.726545985773901
2000-10-11,21.370942851439715,7.684124063661439,17.30979008901418,-11.24315869636101
2000-10-12,20.787940948176583,5.941261382146742,17.009317845481398,-9.852221524928835
2000-10-13,21.285077903321124,5.830174905639994,16.66355249009595,-8.433878827649043
2000-10-14,19.7541053513735,8.13511409099673,17.66460524454213,-8.036727005695036
2000-10-15,18.38379122065351,8.330312477439234,17.193708400463834,-8.048209078691002
2000-10-16,19.17442676768409,8.13220896037977,18.48567087583621,-7.603952018775908
2000-10-17,19.108075575897267,7.381447259604086,21.159382526656266,-8.09941992281988
2000-10-18,18.679910095888633,5.9660640398732605,20.02571387678869,-8.801790778017768
2000-10-19,17.300743371548286,6.421110787697243,19.85557495830598,-8.467789505265113
2000-10-20,15.560345826181267,7.4230100305635585,18.60253616659009,-8.226354766556462
2000-10-21,15.4178643588607,6.730627528563852,17.337957035293535,-7.670942477911836
2000-10-22,16.115605612082238,6.412931938487771,16.0798132062634,-6.407658191859618
2000-10-23,16.240937213349202,7.856714808950444,16.09045737336458,-7.409892413031578
2000-10-24,17.821688814255513,7.735871336979336,17.120484005745976,-8.659016567223704
2000-10-25,17.119871348336396,8.101962230275241,16.835262694160694,-11.08689901776975
2000-10-26,16.624166314620428,8.99037729041413,16.411356365005783,-11.63098834570181
2000-10-27,17.911172573764105,8.066123743805383,18.18347077970495,-11.203413571919087
2000-10-28,17.014615930790306,8.888209084885823,18.75080264008378,-9.932388764305895
2000-10-29,16.171055352452775,9.300620581653355,19.3120797385651,-8.986404971694768
2000-10-30,15.600531831952942,8.81923716838093,18.377426798451758,-9.460733274583728
2000-10-31,14.733513678507274,8.961730877194093,18.505443624645615,-8.702296239779447
2000-11-01,13.620947154409329,7.794182413785216,17.1757249295277,-9.318849797445825
2000-11-02,12.954130237469522,9.262740325608918,17.329099299187916,-10.822754396060795
2000-11-03,13.845360447091162,9.640271139885495,19.791210030859176,-9.876277724009295
2000-11-04,15.592586799687,9.024190484677742,19.432151162439325,-10.322440286097466
2000-11-05,16.534370315195865,8.720773922489265,18.945174069011706,-9.628429476298786
2000-11-06,16.116899368375467,8.757048254104426,18.625359809072705,-8.277144467238209
2000-11-07,17.06875037001258,7.631764971972133,18.25489395813189,-9.533142149294425
2000-11-08,17.13048555464413,6.414101348510778,17.59376129944537,-8.649160239705619
2000-11-09,17.005399237450174,5.769161077016401,18.955252994987855,-7.809048313300975
2000-11-10,18.3050314913647,4.863466488238307,19.210964347003603,-8.89854685177326
2000-11-11,19.517598906687986,4.113455481676768,17.880871277342877,-9.695788802139337
2000-11-12,19.936985252027547,6.0378834500240774,16.040750185561933,-9.644061777663108
2000-11-13,21.413262080778644,7.720565287770503,14.618060405762204,-10.379702323945594
2000-11-14,21.066939897430668,6.651659581017768,15.1496515783152,-9.259461320288269
2000-11-15,21.237374513207968,4.84052270360612,14.637380243015569,-10.492031985470826
2000-11-16,21.51828170740885,1.784317953656768,14.90892472012502,-12.201442949894648
2000-11-17,22.55247078388505,1.145213789608719,15.390168099111857,-12.929293243629765
2000-11-18,23.025468938726437,0.7301602821465909,14.274008036941584,-12.970999365729147
2000-11-19,22.725389729606736,1.6128061662937299,15.835929797609381,-14.074558839769898
2000-11-20,23.724540135262842,0.08883972020045161,17.938695224682583,-12.828644581823726
2000-11-21,22.857602842544303,-0.6838488438321523,19.07919486719914,-14.103721874480609
2000-11-22,25.304456444526522,0.30102866719769716,20.090459650633466,-13.268484128960813
2000-11-23,25.68293026657519,-1.0177755101261419,19.033665187293433,-13.10997812287436
2000-11-24,26.219575936573026,-1.066829394883389,17.5579714194045,-15.331184727269232
2000-11-25,26.964527302546237,-0.7752251623431287,17.285437599424576,-15.7245045547017
2000-11-26,27.04824846953321,-2.5011964733735224,16.338668307152087,-17.528869619949113
2000-11-27,24.73868397821357,-3.5801393468832563,16.52057249391559,-16.819417405018896
2000-11-28,23.51176322985083,-5.0170908610793,15.698346182827295,-16.623681433576586
2000-11-29,23.57955020156367,-5.094201017550589,15.122446673227088,-14.876979247460811
2000-11-30,22.95661537271052,-4.285154412789933,14.350048660245239,-14.24813007021244
2000-12-01,22.235448278038035,-4.955426948178759,14.909728616661035,-15.098753977192526
2000-12-02,21.44485522410351,-4.1504191205924155,16.31083758288884,-15.447048867197344
2000-12-03,21.234300966533457,-5.571209824952744,16.44799747577115,-15.074360987769271
2000-12-04,21.01910058351328,-4.015480602242402,16.022060606965432,-16.600980720156095
2000-12-05,20.67249476334064,-4.147261558629771,15.001402900837306,-16.14237754538829
2000-12-06,20.482984011206458,-3.74261333480939,15.745460257378898,-16.24120997474067
2000-12-07,20.247753838061893,-4.646210008840136,15.37224162106427,-16.945310420807562
2000-12-08,20.111811637996457,-4.654410236460222,15.57947804681264,-18.22472833128969
2000-12-09,20.792565086068283,-5.249612446680826,14.050674649466353,-17.758937221738243
2000-12-10,22.064049127045934,-3.9500103733232637,15.037370308106302,-17.04909532830536
2000-12-11,21.068974221743943,-3.436262882308174,16.096983379832164,-16.273893202526974
2000-12-12,20.390803137243406,-2.8792738588021507,16.501338539200784,-16.860914448927318
2000-12-13,19.71509823511053,-1.832096803140513,17.521615528286002,-14.315565435548777
2000-12-14,21.563461493878677,-2.8822701125816135,15.869705572596848,-14.68426594843123
2000-12-15,20.36765395104104,-1.87812058319631,17.300169029194123,-13.627053151525697
2000-12-16,19.873952072093438,-2.3741787358347093,16.815940612952804,-13.182348134190221
2000-12-17,19.362440169307835,-2.1446731997955992,15.729359334734792,-12.686503085594827
2000-12-18,18.050658154269964,-1.640941934294137,16.589132199157536,-11.203119898988573
2000-12-19,19.461057622086756,-3.2947685278624728,15.100588480725257,-9.67124370729395
2000-12-20,18.145338106898564,-1.1608063425690163,13.404307219856442,-10.355521451290231
2000-12-21,18.236348296538335,-1.9824781903011088,14.109883492849812,-9.724516051530884
2000-12-22,18.858892848683418,-2.1469835530102204,14.551862089083656,-7.6028850614948125
2000-12-23,19.35480084321104,-2.450314575676066,17.762507872162686,-7.671711601545535
2000-12-24,19.470676263590256,-3.5323193806460838,20.001175224140667,-6.807672502915189
2000-12-25,19.672340771277383,-3.7501140281176264,19.53835939330325,-7.785281503481252
2000-12-26,19.37198188653601,-6.00388621416739,18.70873851288853,-5.796177528864328
2000-12-27,17.55391638790849,-6.62129618898455,18.789058462303135,-5.90056023864356
2000-12-28,16.549983431037944,-6.254546619300121,19.417961768257715,-3.7354177983244705
2000-12-29,16.043191156585408,-6.2936075466555454,21.476318468719604,-4.037707757214519
2000-12-30,16.638956462496107,-5.715218961490047,19.28980070446311,-5.060717275704915
2000-12-31,17.169407832851956,-5.5031458263621795,20.312304671955705,-4.886552498053779
2001-01-01,17.079315499274166,-6.1504754351867925,20.64818317253538,-4.706655641148319
2001-01-02,18.225344074599423,-6.235444267154862,21.316142486985783,-4.764471674849134
2001-01-03,18.251427617709723,-6.167155671562458,22.20058610232626,-5.594039769071532
2001-01-04,19.80239815593941,-4.865698281272243,20.842866642853785,-6.0181613770251206
2001-01-05,19.398027393340712,-6.054235025247902,20.104710561164882,-5.540024628324299
2001-01-06,19.61480175599744,-6.629473768896174,20.67663797571812,-6.6730743032067945
2001-01-07,19.329381326668017,-6.1194952684136625,21.123545981752834,-6.511684355898781
2001-01-08,18.09711198463264,-7.669067861998615,23.722772766757227,-6.060777198480857
2001-01-09,18.714446176779475,-7.283365864808122,22.39622209341674,-7.331044642473556
2001-01-10,19.50967561964121,-5.158791195054031,23.194006784883257,-6.591406145301929
2001-01-11,19.686719755324564,-5.263976576130823,21.931144201410785,-5.4425525213433685
2001-01-12,21.74882700361767,-5.722635178213018,23.56893796007305,-6.754275567058302
2001-01-13,21.18829647771516,-5.310058835481188,23.465514440045304,-7.7543140654370255
2001-01-14,21.01789986036441,-4.563567228344191,24.00530132379027,-8.094476699740543
2001-01-15,21.04997321363362,-4.458215632080236,24.658678394965445,-7.718714460320571
2001-01-16,19.741362302708822,-5.787477639064747,23.90390020983184,-6.568629675775602
2001-01-17,18.592408741947395,-3.9083019040244005,23.40672387858443,-6.550912643031916
2001-01-18,19.523317874430127,-5.4472797638925705,22.817593733546076,-7.581584599228916
2001-01-19,19.11070593280104,-6.669273214161509,22.18341019516668,-8.449971627453142
2001-01-20,17.433032901451405,-5.682059370579011,22.86740433463494,-10.206246574356012
2001-01-21,16.853280251945026,-6.421546212975804,22.71793566595413,-10.478380484023472
2001-01-22,16.24172151381728,-5.933175766889174,24.23666604680314,-12.038261873896545
2001-01-23,16.232673452805845,-6.21365813517015,23.652872304745213,-12.460464117564989
2001-01-24,16.39931311631914,-7.332462988405977,23.066896102948277,-13.11173752987459
2001-01-25,16.537048026975047,-6.392018826529553,23.87870127359518,-13.120634152403257
2001-01-26,15.548028549946938,-4.9462491956720465,25.625025258623005,-13.341414304575348
2001-01-27,17.37036010632437,-5.745838935511127,25.45589814095153,-14.480969275703046
2001-01-28,17.67023473020702,-5.336244834605492,25.313304660077847,-13.707162776358347
2001-01-29,17.230851911932394,-4.476173575555863,26.227614001155178,-12.873690969482613
2001-01-30,15.407579625113545,-5.046679728127194,27.08521864329721,-13.328019532692279
2001-01-31,14.760227142250448,-4.106071124495159,27.465162813657887,-13.387689882269608
2001-02-01,15.479882431526036,-4.507785977380273,28.604746903323537,-11.44570737642359
2001-02-02,14.336756190888568,-4.8529486172682015,28.385027120273936,-10.20655766732324
2001-02-03,13.234227171990538,-6.0179313413698505,29.20102398035431,-10.09245955654095
2001-02-04,13.449659571990834,-4.772315923030746,28.723695238469045,-10.200868304670331
2001-02-05,11.867530656755118,-4.573006633451867,28.521477240556003,-8.970839444995887
2001-02-06,11.989358656015176,-3.845672004277217,29.833232657175614,-8.870065032966984
2001-02-07,11.511094276820417,-4.868231919784552,28.330428188124344,-10.550684203548812
2001-02-08,10.265746146878088,-3.6017977310681104,29.18870841868392,-8.779119099381004
2001-02-09,10.074404723694219,-4.414858172792235,29.977810127677007,-8.077524913926737
2001-02-10,8.43332826880976,-4.506564927706509,28.051919088158687,-9.42015652770352
2001-02-11,7.858309434938552,-4.113210472077311,28.905444283122108,-11.27497386051868
2001-02-12,9.239973111559141,-2.9524900792836526,28.633692752569118,-11.435109923734142
2001-02-13,9.896353833316322,-4.035104549220917,27.723507074768094,-11.207374448367101
2001-02-14,9.54040573166778,-4.31503507641499,26.946550748672614,-10.842997774010964
2001-02-15,8.654528402031353,-4.729398506766961,28.76597734273006,-9.471837726626354
2001-02-16,8.256799054149262,-4.82145656886608,28.046512012826536,-10.018399415933446
2001-02-17,9.572774629292866,-5.287703624609568,27.688108052028493,-9.545566942448072
2001-02-18,10.413923037489994,-7.444322952894019,27.96892946715007,-9.695646628262002
2001-02-19,11.388854615640264,-6.649607051959725,26.674938473999248,-9.393119352090341
2001-02-20,10.742290494978864,-6.816022724866047,27.097240013635318,-11.235847781404155
2001-02-21,12.19282173313588,-5.967958889951443,26.695321542473003,-11.570891994614497
2001-02-22,11.375411392848921,-5.480372569342779,25.34571187695966,-12.587734909215188
2001-02-23,10.740962443248764,-4.70184008021663,26.635551927640034,-12.280014662756537
2001-02-24,10.523577887856502,-2.5184312396729167,25.899637179451464,-11.508322989377442
2001-02-25,9.032603743230494,-1.670347381547006,25.120304318820978,-11.758127241639666
2001-02-26,8.202141853805728,0.1955973774410853,23.23528163297321,-13.784441817582078
2001-02-27,7.629178610344179,1.2812736721823914,22.292692891398637,-14.885014519347195
2001-02-28,7.645853208399095,2.2756914464580698,21.724785918372127,-15.469697868578201
2001-03-01,8.919852374195573,0.19819598269232674,22.61203529995612,-16.08441977723129
2001-03-02,8.467993101822652,1.4437665895297125,20.719225721564467,-16.372554981493654
2001-03-03,9.091786029698945,0.47669359957089097,21.516496788825645,-15.945941595858832
2001-03-04,8.31795763986988,0.6923666902294191,20.081751982425242,-16.84493259112602
2001-03-05,7.555153443157701,1.6641043523798622,21.05497621654091,-15.897670180545607
2001-03-06,7.316024062462034,0.3908157695398291,21.261293607371496,-16.79974960291627
2001-03-07,8.237287275787326,0.35447544038292145,23.016911142961916,-17.954930563561167
2001-03-08,8.504528577451655,1.2699874991738698,23.79605862410499,-19.05591431730662
2001-03-09,8.101996467731706,2.8321676684667203,23.20561367584876,-19.30907582740871
2001-03-10,9.208401000099002,2.5599098310080275,22.565350126543958,-19.452997043167
2001-03-11,8.218943580509631,2.4862875393666615,20.35396543164776,-19.816854246257193
2001-03-12,7.860625705479158,1.4168930605534664,21.265629268597653,-18.733584639726633
2001-03-13,7.625067046916718,1.3213555328882098,20.94024155706499,-18.97311625339025
2001-03-14,7.8118821280061,1.0889613255603052,21.57215576762375,-19.777509851133534
2001-03-15,8.622015365979582,0.5838749946964665,20.493631680262386,-18.11930368176516
2001-03-16,8.518892428097075,1.565026049634931,20.799142208751924,-16.62511018170614
2001-03-17,7.629736958714903,1.392328909245879,21.8942427684712,-15.688462531204602
2001-03-18,8.7318183117207,3.659547796473074,19.582128221874125,-16.679571254815947
2001-03-19,8.198595391487594,3.134875666449581,21.7093775009469,-19.28645095310429
2001-03-20,8.175227702431343,3.8016653810440912,23.673704398877174,-18.977529672316408
2001-03-21,9.003840997860664,0.9146523341989825,25.457998733410935,-17.930905109130666
2001-03-22,7.949864067924158,1.6062753438618542,23.816065814258604,-18.858571473592686
2001-03-23,7.807259178999939,3.958021906542919,24.131757593255802,-18.734344303897064
2001-03-24,6.841336385936072,4.509054865262602,22.39889961006792,-18.56965377065008
2001-03-25,5.86574026876804,4.513387338612757,22.586594021177156,-16.967853239370964
2001-03-26,4.79469522136447,4.588513323889366,22.0854061480852,-16.396183853101004
2001-03-27,5.972608087387763,4.624576071953333,22.502833623466152,-18.206699854791207
2001-03-28,7.770179900562035,5.183782544819163,20.311062039546517,-18.680197537561792
2001-03-29,9.234198888180673,7.479925886288844,20.873418576476297,-19.39061354763569
2001-03-30,8.273369382983706,8.699582301690594,20.727516809995183,-17.53740132897993
2001-03-31,9.291412022635134,9.246921990383143,21.876871880498452,-18.017282188355615
2001-04-01,8.084220844762742,8.381397013824879,21.45686680603275,-15.07976404730196
2001-04-02,8.967308801953015,9.492693186214673,21.509522610054184,-14.35386597467784
2001-04-03,7.617825996878813,8.626835320830507,21.21318159185002,-13.442195983558
2001-04-04,8.675561381271013,10.195274055678475,19.811167016535602,-13.31766591176266
2001-04-05,11.609093625352735,8.983392362709322,20.474775825275145,-13.52351121659055
2001-04-06,12.111101478830898,7.57270799502934,19.033797184333846,-14.11743877577821
2001-04-07,13.125963807487233,8.257093108533024,19.01333212644033,-14.621533951936796
2001-04-08,14.313855760239676,6.887087548776396,20.42481719874315,-15.630528943968372
2001-04-09,13.242248941904556,5.690841048720117,23.08198116414337,-15.763958738365647
2001-04-10,14.269057555083785,5.586304688558684,23.272545666704747,-16.80167322075475
2001-04-11,14.371473734771929,5.848313538565597,23.543412393720388,-17.664818484572464
2001-04-12,14.8544301217276,5.715197259578192,24.413127103051004,-16.252172867839825
2001-04-13,14.300222891042907,5.667640450963229,25.329805617894163,-17.545359474484002
2001-04-14,14.026065118915948,5.382271553638095,25.343216644413634,-19.05047670162877
2001-04-15,15.281546809774675,5.48077986011815,25.10071013187535,-19.618333912041525
2001-04-16,15.907084279215209,3.3203090530479598,25.001571006828144,-20.18591108319042
2001-04-17,16.181916527496963,3.2836326042885573,24.61693835511153,-19.322539804263208
2001-04-18,14.69894798198572,2.9921867357114555,23.2682733870252,-19.556779799633244
2001-04-19,14.527158556266645,1.8925579250831972,21.10472099279731,-19.457531145734656
2001-04-20,15.21946424599172,0.9180055440172249,20.16680014380753,-19.06948451994783
2001-04-21,14.838890858183843,2.619371732189361,19.324883349520356,-21.120058249368352
2001-04-22,14.454243415650506,1.9090229326182215,19.31863619966513,-20.719201399636628
2001-04-23,12.858540321589892,3.1295651063610954,19.312778076017324,-19.98472896736088
2001-04-24,12.624852368679887,2.7560439331859192,18.295417183492265,-19.22786070020367
2001-04-25,12.095884190556806,4.423312989689595,18.66248042143376,-18.879861091278272
2001-04-26,10.997367153278944,5.011586144686194,17.364349921171648,-19.231889867275306
2001-04-27,10.07085769231842,4.452318109488875,17.626880255276056,-20.152196947234504
2001-04-28,10.755886913421223,3.4899816726118016,19.686200605187473,-19.56488705836338
2001-04-29,11.101752767251714,3.5394557724691573,20.326944964295627,-20.266453262455634
2001-04-30,10.897962474083792,3.0674853955087062,21.02741062929285,-19.296454373130807
2001-05-01,11.54389424848539,3.7222130456795357,20.175137781959045,-19.027198448653515
2001-05-02,11.601533734473552,1.4559275816690103,20.832846476438853,-18.92843717488561
2001-05-03,13.11100428519595,1.7694333232181796,19.493079742780257,-18.751367724449057
2001-05-04,13.769189464880302,1.6971697657073175,19.000014114395324,-20.75783213240683
2001-05-05,13.367431563871115,2.5309652618355596,19.256764385677396,-19.4855700443467
2001-05-06,15.130192909877417,2.6599106319058707,18.675451116032825,-19.36959641464793
2001-05-07,12.982009326614751,4.576827091718092,19.393640729245647,-20.034259417613367
2001-05-08,12.815980163458104,4.002949340271353,21.284820452643388,-18.121255523172575
2001-05-09,13.509058368747798,5.314639735772788,22.52767508529439,-17.976552185994496
2001-05-10,13.645936299652817,3.329028862435351,22.946975278642167,-18.568249526569673
2001-05-11,11.339417232709055,1.6490497094707026,21.608252280919313,-18.795051376961034
2001-05-12,9.777368780630487,3.4094384361268832,21.810384812878386,-18.210611855398223
2001-05-13,10.422153646292221,4.575756408838643,19.87422143260271,-17.701629874178956
2001-05-14,11.207910741871325,5.30771054012227,21.062813676068657,-17.74554856048952
2001-05-15,12.836721405760347,4.51486185292918,21.045999098835498,-16.095201271361457
2001-05-16,13.53800228613417,4.4987331768007275,19.321076043793752,-15.830358102070107
2001-05-17,12.984167145460708,3.443891331253934,19.221270022661045,-14.287017738255727
2001-05-18,12.197669254752821,2.898645769315652,17.926200563484556,-14.692314425567575
2001-05-19,10.948655800809512,3.805126570438776,17.73787828660123,-15.631564817977885
2001-05-20,10.880677816203447,4.504583003990873,20.245973981323143,-16.117861857349755
2001-05-21,9.55033587805005,4.592216248399356,17.549644548298836,-16.678787354143864
2001-05-22,10.365873862803337,4.579918767703913,15.596728516539788,-15.670507003965202
2001-05-23,12.723966338868053,4.5704573682502225,14.639941889158937,-15.60009493673863
2001-05-24,11.207632092360692,3.2183956099678666,12.932043929367575,-15.975944589930053
2001-05-25,10.935893337278058,4.758161870430903,13.31128495842758,-16.082185462644073
2001-05-26,11.826460083684903,5.29285285751109,13.42111892139662,-15.5965510160099
2001-05-27,11.583672624801943,5.610026978457421,12.847126027624611,-14.76636621137328
2001-05-28,11.936160711738474,6.816691538074281,13.134538723674353,-14.631547635683711
2001-05-29,12.695992249627938,4.809296534497015,13.783184669782395,-13.269447250597953
2001-05-30,13.827937591809688,4.708522636357339,13.609502249810369,-12.932988311152922
2001-05-31,12.509350782350646,6.742900564774317,14.508384297448154,-13.081400625612654
2001-06-01,11.77511113783861,7.467318232142335,15.196605651379175,-14.143791756919693
2001-06-02,9.756950103155305,8.305655453312381,16.930275035353976,-14.613800042059687
2001-06-03,10.425386715617917,9.12644967112837,16.9562076929758,-15.251928388024877
2001-06-04,9.984856012787612,8.861847253087587,17.55036877229369,-14.052424111109847
2001-06-05,9.338735132156245,6.883850342647726,16.34272380310845,-13.437215747223528
2001-06-06,8.872192318065778,8.360979595009075,14.534886823938567,-12.260841677010166
2001-06-07,8.211381528438288,10.470531417719076,13.400031479966763,-11.236932490021353
2001-06-08,9.204281224545428,10.630686014738528,12.99860093927755,-10.78547173271603
2001-06-09,8.462779016136379,10.300677485569711,12.260241363396503,-11.403525926143383
2001-06-10,9.687785648400713,11.206386559876691,11.190212163367006,-12.345150331593276
2001-06-11,9.951443757113044,11.230048858029493,9.114186173975604,-11.803383456033538
2001-06-12,11.17919151370915,10.43383070860832,8.942094897773258,-11.492480012400556
2001-06-13,10.46880975896808,12.433078457769918,9.511290207876627,-11.050321427534671
2001-06-14,9.102095193611635,12.523377369701672,9.417893574930144,-11.57188716177323
2001-06-15,9.138050496347363,14.341447860446333,8.24041381845809,-10.787867806436138
2001-06-16,8.444980153179433,13.809648846839655,8.439711922191737,-11.565554906989851
2001-06-17,9.144951588222051,13.757141584964776,7.83443532313498,-12.947760734244287
2001-06-18,10.86262268843793,14.824486232152037,7.167399094717135,-12.779505936610894
2001-06-19,10.425254264860845,14.781736207807361,7.333750171961505,-12.314832487767262
2001-06-20,12.269406226664426,13.400016939983093,8.192915288288052,-11.639656049012203
2001-06-21,11.219425905811947,13.041775067636438,8.351285226013674,-10.944140927861552
2001-06-22,10.519200665025302,13.619291955023538,9.789649486896616,-10.29933410073081
2001-06-23,11.082419066545036,14.310251842941165,8.8604367614547,-10.1919432148223
2001-06-24,11.021198501872119,14.221440128389805,10.326677400487906,-9.663545847235627
2001-06-25,11.687287962077466,14.475273637356961,9.376676835175969,-10.848974126169864
2001-06-26,10.175291303206455,13.178943662700739,9.43211023326978,-10.048109424721583
2001-06-27,9.916538925498765,11.785641400299175,8.474064845294288,-9.629148046407321
2001-06-28,11.475898978856653,10.075753448850627,5.6927104086631095,-10.512803751442082
2001-06-29,10.55409517218632,10.094780615727114,6.658880135975001,-8.818574869540411
2001-06-30,9.690095608734737,10.431952056537508,7.594196053722031,-9.767323881708903
2001-07-01,9.742563806050226,11.234843487689416,7.670224564042291,-8.365498815960391
2001-07-02,9.58206122580865,11.974248257515258,7.322224925948633,-9.289372526568894
2001-07-03,9.105148109435616,12.161581075212759,8.824232316228349,-10.175156177263453
2001-07-04,8.672378294846936,11.411635476373096,8.299564240961288,-10.090121250327213
2001-07-05,10.801224210799473,10.628621609865496,9.023175666654152,-9.648303898758794
2001-07-06,10.438296561711756,11.326483098198793,9.737989902808357,-8.543636136601597
2001-07-07,9.289328614276464,12.179216174942592,8.958594078129346,-8.20149305759994
2001-07-08,9.36029441553068,12.171972178800537,8.290636899531847,-8.44907076696581
2001-07-09,9.234655863933208,12.111585701870949,8.006146471276887,-6.7102775024480215
2001-07-10,8.55729236248035,12.186437553008613,7.061350777919855,-6.959928960759083
2001-07-11,10.495250726306748,12.397445375317306,7.297415949651041,-8.186607767766784
2001-07-12,9.004913384033834,12.814596869855514,8.772632663423462,-7.39433638189772
2001-07-13,10.414604685673797,12.800438513032873,7.922506034819061,-8.070426940021981
2001-07-14,10.971464071804444,11.469925312929245,8.401103694198596,-7.314205844969334
2001-07-15,13.151452361331906,12.761314393873828,9.164019033650026,-8.55717144825147
2001-07-16,14.287358032356627,13.237359795205878,11.128823920950163,-10.217932384120894
2001-07-17,13.540790769156443,15.194166018768549,10.617772763289361,-9.962528629526643
2001-07-18,14.087087712610785,16.085303920680236,10.165445881938437,-10.35548211451689
2001-07-19,15.294108838320591,15.703599389756084,11.06015392890401,-10.22188157943785
2001-07-20,15.519645876198574,16.78124558001001,10.96671883687244,-10.906787149596154
2001-07-21,14.63391984878079,17.35887307984,10.873215183715894,-10.319939316657793
2001-07-22,13.171233961494075,15.82254677597499,12.26096688514849,-8.607225383096315
2001-07-23,13.18431267227582,17.08729894417678,11.548734554523298,-9.48469306019208
2001-07-24,14.973767735239674,15.040605985101154,11.431310098635034,-9.921731928511951
2001-07-25,15.675662566932898,15.743915156255724,11.187186436295654,-10.970052079785855
2001-07-26,16.621589970724006,15.130385909008538,12.014545583601967,-9.169146993235383
2001-07-27,16.90140032231679,14.597537503329463,11.125487880021323,-7.847499182666561
2001-07-28,16.162055071499417,13.984850073292408,11.559206897933578,-7.548332019398458
2001-07-29,15.033037399925995,12.255022201467774,9.643106950544887,-6.116411365519905
2001-07-30,12.391558925632602,12.150993758970015,9.73881237308138,-6.084675066399662
2001-07-31,11.742300353702648,12.905728718039999,10.386890960821285,-6.522818158429757
2001-08-01,13.09509014000693,12.382391439956534,10.85244309074993,-4.782190513663936
2001-08-02,11.712917702050902,12.540015614976834,9.450159827794542,-5.611650495493551
2001-08-03,11.572875487373814,11.922800016396046,8.535744941463683,-3.91635103891673
2001-08-04,11.429859760957875,12.138827375477698,8.148071633795656,-3.4203144111021944
2001-08-05,11.11954745372352,13.259499632906028,7.83170970534606,-2.7124921671201605
2001-08-06,11.839857459642182,13.321377275650217,9.034290931523879,-2.9153442664679297
2001-08-07,12.202915608076047,13.465153133531643,10.527198770083823,-3.5148452324093595
2001-08-08,13.065591219945702,12.804125626450011,10.882368158122237,-3.381320314778908
2001-08-09,13.106827513017988,13.080468111496183,8.232499861336407,-4.51299157239642
2001-08-10,12.811565357411528,12.436293634943798,7.2879531108547475,-4.15061576701097
2001-08-11,10.96907232955778,12.782265807822883,7.34084815353033,-3.6211221566631706
2001-08-12,11.012143692146308,12.638366082130377,6.985951381610952,-4.512221975989025
2001-08-13,12.599932808718153,12.550052312987122,8.409777597660664,-5.982366429611018
2001-08-14,12.090964262978401,12.500229701001757,7.755615118293896,-7.071414857102191
2001-08-15,11.729278024192952,11.897866792893096,7.134037455759487,-5.988856677307396
2001-08-16,9.238832781134247,12.344269341233987,8.551682858558241,-5.725829440036475
2001-08-17,8.84789120773485,12.618856149374441,8.4424409202002,-6.757748135177524
2001-08-18,7.765717012286103,10.76999000830009,9.487005355083976,-7.180410845258913
2001-08-19,8.673536324819898,10.83833009553755,8.819196713568237,-7.249687615812071
2001-08-20,10.252769068998605,11.49403377435512,8.935733447563388,-6.663872467495917
2001-08-21,11.977677122425293,11.762384469892984,9.686325741402332,-6.425532125501391
2001-08-22,11.91780412030028,11.932859395161328,9.821538360004286,-7.727166776713146
2001-08-23,11.205102512197874,13.284898622559359,8.50875065936236,-8.897799210422978
2001-08-24,8.880540899613901,14.540287717647224,9.565379683205403,-10.64096413015222
2001-08-25,7.5597640051465556,14.49808890051167,11.023345661509582,-10.400171469305958
2001-08-26,7.304009271625179,14.105664118496094,10.338168069501448,-8.44742399382263
2001-08-27,9.664616059837803,12.28378113671558,10.828377708794362,-10.621331276292056
2001-08-28,10.081340801866894,12.43471245981035,9.553239937475357,-9.947499122207088
2001-08-29,7.539623729306145,14.525937829312824,10.71872527174098,-9.7283074555438
2001-08-30,7.518180629743135,17.035047679897854,10.570141138096728,-9.69646857131287
2001-08-31,6.605232185896452,17.71165713382293,9.924388735117445,-9.92466510774822
2001-09-01,5.382439317347067,18.7983823357775,9.34006906452596,-10.363795053939056
2001-09-02,5.106583250738547,18.871645988124833,9.431633709325734,-9.410250880081604
2001-09-03,4.246074359666167,19.204966370193073,9.15923237336884,-9.53197498443943
2001-09-04,2.2152515963214867,19.955346565271153,10.576652845393559,-10.271026285544997
2001-09-05,1.6440231529810334,20.768129303133456,8.427683576867858,-7.87925602544777
2001-09-06,1.4192400102538574,19.00405032383268,7.520263817898705,-8.565369397362515
2001-09-07,1.6596568160749368,18.32196202665627,6.177019361355908,-7.440750082901869
2001-09-08,0.7958891803065672,16.41779947023365,5.5000802033509135,-8.865590359582038
2001-09-09,1.710290756439068,17.52935360895032,6.5916396102908035,-8.243889175138758
2001-09-10,1.0074443991505508,17.309119566782517,6.63558306899491,-6.7742273819204035
2001-09-11,0.78449058998649,19.475775264337216,6.965014925451921,-6.4754664561109
2001-09-12,-0.1746540921046169,20.183390960572382,6.326152811743747,-7.831242689966503
2001-09-13,-0.11533945300929792,20.95048173176117,7.927151317038188,-8.677881432414747
2001-09-14,-1.4992508652819403,20.138379133372446,7.130867749587343,-8.994020470966007
2001-09-15,-1.1522604087462942,20.232076411198094,7.598564390819513,-9.83657591072927
2001-09-16,-1.1584451546623777,19.97130841715039,6.6946756000100756,-8.963172500796228
2001-09-17,-1.5396616138318342,19.754536432270122,6.700777664327954,-8.24597238799276
2001-09-18,-1.7690236010587077,18.987564318289326,7.619230392534726,-9.441123567129944
2001-09-19,-2.3674955187983704,18.966411325545174,7.857067994954119,-10.54358649960142
2001-09-20,-1.5447386113188717,19.591855138405474,7.849267541603847,-9.982054505186737
2001-09-21,-1.4318297412508023,18.92778858888517,6.640311417951217,-9.005936995310048
2001-09-22,-0.8643257073311108,20.003967218688103,5.781114840884343,-8.944709389790734
2001-09-23,-1.5578971958266519,20.939724401821643,5.508539376205804,-9.464049007184727
2001-09-24,-0.7147506320901764,20.158357877815725,6.139804300542861,-10.021656224372517
2001-09-25,-0.9675103535751917,18.820714746689863,6.331070765183834,-9.447334202353602
2001-09-26,-0.8197931401597248,18.752712555660818,6.252554257015139,-9.293885775996763
2001-09-27,-1.6499868613599262,17.294403288037078,7.689938514028057,-9.444462641619443
2001-09-28,-1.8331119282519013,18.347081363987026,7.064044631368908,-10.118309772923892
2001-09-29,-1.7333279996322182,17.42367254071165,6.216035727917063,-9.725624329346191
2001-09-30,-2.0866136430966575,15.104380641924312,6.104808699736608,-10.599258644852549
2001-10-01,-0.5939308369122205,14.98983598643069,6.429852537103695,-11.063174714664006
2001-10-02,0.5012610523079952,16.018309254447313,6.819151527520312,-13.437472914314174
2001-10-03,0.396883847264737,15.696859862375883,7.67112093088188,-13.604770474884447
2001-10-04,0.6512735841724117,14.958811492215697,7.788478986243986,-10.959929939927548
2001-10-05,1.5093246754491785,16.722882090246284,8.883420256441191,-11.872806181929063
2001-10-06,1.4292758777787904,16.10823091404351,9.5113827048526,-11.94508616027173
2001-10-07,1.436826814028216,17.18139813840933,9.461687028367628,-11.16722014171154
2001-10-08,2.2862056422790813,17.677489650069905,8.946738078297964,-11.346508252836028
2001-10-09,4.4760823027112,16.330022220573778,10.979956330024928,-10.52056992169955
2001-10-10,5.16091868472962,17.11528804454222,11.91621111646808,-11.07095898765526
2001-10-11,5.160033543109331,16.797996606359398,12.703014143278102,-9.825653582797553
2001-10-12,6.792469196491178,16.178991559906287,13.27716963149505,-11.847491860970631
2001-10-13,8.393937539656607,16.959852079355134,14.450089183070352,-12.779270136019207
2001-10-14,8.89899606766351,16.03837235698267,14.917614350461644,-12.392913724531663
2001-10-15,10.020690523832295,16.10469282571172,16.77222000568141,-12.219118993244303
2001-10-16,8.738130791361485,17.340826499759256,15.228556866316511,-11.19339461826632
2001-10-17,9.080979128111922,16.991914427838203,15.912316396387512,-11.85178429225976
2001-10-18,10.02168571921459,15.570410119154898,14.659437972026785,-11.201294920494831
2001-10-19,9.674296503957681,16.731310907366012,14.090164362916228,-12.86168483942689
2001-10-20,9.380346141971003,16.840145152649797,14.436614336596577,-12.8986379753314
2001-10-21,10.514271666042404,16.195404567661402,14.382302656681949,-14.38435392206699
2001-10-22,10.25684435503931,18.66249625126856,13.343318939034418,-14.44650578660945
2001-10-23,9.185349494057292,16.754218803083518,13.829447736422345,-13.676240933077496
2001-10-24,10.709640421804124,16.632947195872376,12.088211349583828,-13.337306453001418
2001-10-25,11.48065731526092,17.42065581882212,13.518250073740242,-14.092361986451778
2001-10-26,11.214623852851771,18.334572972582375,13.419442115781322,-12.84963060851087
2001-10-27,10.471063842474189,16.29639627202659,12.496961447460288,-12.821055381864136
2001-10-28,12.090173926362755,16.018214296445244,12.44208595642155,-13.291538893126738
2001-10-29,12.832556274673339,15.585580434584928,12.086336306697754,-12.343803581070192
2001-10-30,12.393312013794148,17.615673958158666,11.6799079568574,-12.679851634943383
2001-10-31,13.54393808134052,17.457945641011513,13.769417236450664,-11.05485553268084
2001-11-01,14.088434705981314,17.195361238659846,13.44696733348728,-11.65526523479421
2001-11-02,14.30412604869696,17.18966983419733,12.856895292002887,-13.071849282164466
2001-11-03,14.06047111315071,17.92806754114563,12.700973314172888,-12.061530372600883
2001-11-04,13.442671242996434,16.435447908380063,11.225485658332895,-11.671760869592251
2001-11-05,14.11014578647776,16.240004683310005,10.95119671759061,-12.320180233048712
2001-11-06,13.632036287582808,14.150661455108622,9.802199840762661,-12.05745867862224
2001-11-07,15.399487261917582,15.613228877937985,10.601159413855562,-13.491764103468107
2001-11-08,16.72522041167216,16.00730131599752,10.869281591548503,-13.463261002304733
2001-11-09,18.246822334185424,17.190908479945406,11.275254475895744,-12.381280575331843
2001-11-10,18.89864038195541,15.050753810770972,12.659391962465603,-12.479530103563217
2001-11-11,21.010125844744202,16.28976582291021,11.096221728172093,-13.13927389082998
2001-11-12,21.725119577220195,14.665757992225998,11.985253414332034,-16.250762656023245
2001-11-13,20.755818795851404,15.240346454789297,11.369509709662584,-15.88706995706318
2001-11-14,21.26172212004083,14.01807344135391,11.561243121256041,-14.941854827766221
2001-11-15,21.195954951546323,13.038426402987847,12.452352315762388,-13.807437459681363
2001-11-16,21.866425565337195,13.221659671490611,12.703195072179758,-12.540982159518297
2001-11-17,22.23546936825443,13.367666448379104,14.017390876502317,-12.635560501646689
2001-11-18,21.9867368596537,13.837635415821152,14.084249976333798,-11.755759899228673
2001-11-19,21.39297867642001,14.533865203389176,13.915371240911712,-12.256037093976815
2001-11-20,21.287764579323962,14.024218323795314,13.071923134090532,-13.20934236413395
2001-11-21,21.03828338935606,12.833526893435215,13.942335357646993,-13.566816580698752
2001-11-22,19.39523904256313,12.50674999711596,15.156923494712988,-11.691543292722326
2001-11-23,18.970624209050168,11.39535072646284,13.88016430835505,-11.681115987865713
2001-11-24,18.37844070574212,12.41992872185553,14.736716109513528,-11.68690981207949
2001-11-25,20.339677684846432,10.821799459480765,13.524159622636544,-10.719601040973004
2001-11-26,19.859957253658074,12.054641181344115,13.523268779575941,-10.827403828663533
2001-11-27,20.254810817237992,14.274966280580415,12.533580314695124,-10.81181678648518
2001-11-28,19.27915668980922,14.163049923184452,12.041252470765432,-11.102302233516449
2001-11-29,18.105467791068115,14.382463090991312,12.101690091644704,-11.01990679002032
2001-11-30,18.283208439250288,12.054610665773016,11.667197910784218,-10.310923852149772
2001-12-01,19.128513804617356,10.686259779293609,11.661428849711028,-12.315356805455751
2001-12-02,19.756082498997305,11.768893333329993,11.628004503060325,-13.328266684384447
2001-12-03,19.64484186851822,12.436861508180538,10.864126330387307,-13.525439112874004
2001-12-04,18.662722398807578,11.601149652168909,13.517772605212679,-13.861341519000108
2001-12-05,19.619099382786708,10.881066387462795,13.642188184052905,-14.492523716977288
2001-12-06,20.73418443919141,11.547139924788793,12.9617786885221,-14.229986298088336
2001-12-07,20.1050543966226,11.793436987616555,13.13878030720454,-14.119925131527213
2001-12-08,17.376018307995544,12.998051584047142,11.494946504267237,-13.56785136347478
2001-12-09,17.439961301551868,15.00812429574713,10.625615845901965,-12.744859231467421
2001-12-10,18.198131322785056,15.868842662573464,12.144004136625671,-13.068506804536957
2001-12-11,18.278646042025205,16.23727688724202,12.712800729690791,-13.208787035389674
2001-12-12,19.692559712690144,14.188299418413386,12.79130108969081,-11.58223503915588
2001-12-13,18.301269646544725,15.170020551345008,12.013792689194984,-13.04594093806652
2001-12-14,18.697971398980542,15.10581918295279,9.575969100539021,-12.272891147712555
2001-12-15,19.560401174021763,14.82664216481304,8.648739124228046,-12.564229463678656
2001-12-16,19.499735864727295,15.34949213047411,9.101776473950027,-11.399860074512894
2001-12-17,19.833826139988794,16.072338963203993,9.50594138036902,-9.599133173109372
2001-12-18,19.990756569607026,16.02914679871383,9.460918990783235,-9.243952928442447
2001-12-19,20.384593601896906,18.22417918931579,8.062374734081356,-7.476109639350838
2001-12-20,21.151077489989696,15.643221885199678,8.558792755663573,-7.742414701384347
2001-12-21,20.672948989091225,16.2234586854187,9.22671930235581,-5.596703038873587
2001-12-22,19.73761218687748,15.498842368129404,8.530950732862536,-4.100673989097618
2001-12-23,19.375802403596616,14.552076426000896,8.468542423479814,-2.726847075843037
2001-12-24,17.753861419056616,15.694142775516944,7.369373509061343,-3.223090028786019
2001-12-25,17.385828333065458,16.785362642090547,7.8674041559437375,-4.636207862494082
2001-12-26,18.84869193052069,15.423028564311139,7.424292271032683,-5.679443233976308
2001-12-27,17.7719302881653,16.508480782638266,8.233267628001018,-6.276677010368875
2001-12-28,19.910539371985273,17.533625409808472,8.004666914717628,-5.7236768050878055
2001-12-29,20.481934128696,17.535716198652267,7.052937508758963,-3.7495042814819013
2001-12-30,20.572319690715585,18.879095551147103,7.634726542223303,-3.5382391124292045
2001-12-31,20.12744221764111,19.279446660768702,6.579801336842011,-2.898606384461378
2002-01-01,20.389646014501665,19.782024005193218,7.167223393270445,-5.144077660164501
2002-01-02,19.89411564130926,19.510354072283633,7.551040540695959,-5.0363719834109855
2002-01-03,20.709259337432503,19.42018385767059,8.222333460538815,-4.023760040051863
2002-01-04,20.037645594334663,21.173614801344307,7.815788893499918,-2.56556318468594
2002-01-05,20.76750563225756,20.200273245190186,9.002699910378777,-1.8401107914641506
2002-01-06,21.574956739657484,21.861252472603304,8.699481378047375,-1.6594992146471834
2002-01-07,22.42049694293286,22.517008128021388,10.107442990740108,-1.434000428462176
2002-01-08,22.435597279757435,23.55998288789647,9.886841305930847,-2.7401932899340857
2002-01-09,23.09677416432637,21.17166182452611,8.674186538261747,-3.6703300139744215
2002-01-10,23.986202256826626,20.390437636602087,7.415261727269671,-4.747753792222749
2002-01-11,25.288815558103554,21.08572793949073,8.58214640034617,-4.956177050380258
2002-01-12,24.384707332399348,20.848135078097034,8.259669585727046,-4.978247618926869
2002-01-13,24.546388552567425,22.52234346674252,9.368585281666826,-4.681950236285905
2002-01-14,23.212973485892412,22.462475647148544,10.148491566804204,-5.098429512437313
2002-01-15,23.644813520458516,22.42616745802968,9.382145005036634,-3.8639513923035103
2002-01-16,24.445037993868887,21.288523089394385,8.965652311183007,-2.3584118466484814
2002-01-17,25.16459482645271,20.29593663997855,8.520213747590079,-1.8994273571766516
2002-01-18,26.25081159848169,20.2700765828298,7.407849056432834,-1.8841219494504704
2002-01-19,24.490721557074146,20.620365394829797,8.495551321148044,-1.2837317318803636
2002-01-20,24.809155127784464,19.96432700801264,9.308894554056973,-2.133744930902152
2002-01-21,25.420961774324454,20.7064247128063,8.597378746962542,-2.338605794735448
2002-01-22,25.26290212346062,20.811766541233975,8.85500728738844,-2.0179027425484453
2002-01-23,24.370823506997667,19.412447107078197,10.154592533960571,-1.1140700823557363
2002-01-24,22.39706241055386,18.601527193614377,10.03113947246559,-0.8001086742449365
2002-01-25,22.682508195830838,18.38669243980457,10.308418505622813,-0.9749105825666462
2002-01-26,20.468149373621955,18.020782511462905,11.138743565619816,-3.348789997366249
2002-01-27,19.650345798954838,17.686468140547007,11.128859236908227,-4.5645740282870495
2002-01-28,19.38646548120408,16.815181183437655,12.399682900639387,-3.995614555803009
2002-01-29,20.554618087860586,16.81546058200036,12.752169706363915,-4.938184187328819
2002-01-30,20.4894418020503,16.636818848331938,12.175074776114819,-6.35978573169833
2002-01-31,20.749146323845657,16.11249356202997,12.013914003309859,-8.259032437259481
2002-02-01,21.382370705303433,15.887267573441358,11.94724537523391,-9.131439644677409
2002-02-02,23.10287029487971,16.79534768266042,12.53906299139872,-8.709789047342706
2002-02-03,22.686115227218675,15.623807722881462,11.32256902645534,-8.845581374179744
2002-02-04,23.53414436953138,13.924619181930634,12.619670169892862,-7.915235610387055
2002-02-05,24.57822392599791,11.54836220541585,11.27034231631411,-8.108721529708093
2002-02-06,25.80641124837407,11.373883967093146,12.496037486095744,-9.621880499369091
2002-02-07,27.664419369711137,11.213387707672911,12.823701607070186,-9.844747836083847
2002-02-08,26.441750173425902,13.36155288663654,12.963792099130496,-10.326392740863488
2002-02-09,24.811376725160486,13.20604789627017,11.724206995278392,-10.426539558216858
2002-02-10,23.968029016301234,14.25652054560856,10.814571761120645,-8.8788165440931
2002-02-11,23.12704576089179,14.862371152721229,10.668815574822503,-9.231778585438505
2002-02-12,22.61527604048177,13.533211710458671,10.757171958896109,-9.000256080789576
2002-02-13,21.54883305851242,15.74361078245014,10.48158451338404,-9.169880611631998
2002-02-14,20.87041755643113,15.378508922110566,11.82097478791851,-8.525057707499375
2002-02-15,21.42393364162884,14.897841880157298,10.78762916301935,-6.8738725596370935
2002-02-16,19.927787024260542,15.925880010086228,10.074955414844101,-7.069155192573792
2002-02-17,21.87563700418543,15.802180343887036,11.468856165854863,-5.336482402123718
2002-02-18,20.584602922480844,14.10555211183416,13.097231678052871,-5.143500437118608
2002-02-19,17.52750965305687,13.365570134380642,14.749587412661494,-5.937658086863419
2002-02-20,20.41640230307916,11.146362510693368,14.892372596795747,-5.676847616631041
2002-02-21,21.44423417344557,10.114184777998661,16.354867938356833,-5.365065641562846
2002-02-22,22.50367348798999,10.476497171387267,15.366052328300961,-5.314245174667195
2002-02-23,22.345198566753695,10.546077825221587,16.8467427028209,-4.966162977998678
2002-02-24,23.302474532345652,10.424636640397749,15.023033492042279,-5.339905656997272
2002-02-25,20.941861521134303,11.618747427943086,14.882811915386169,-5.7870606601806855
2002-02-26,19.52826091529566,9.597628091923266,14.742454998033518,-5.211296766161266
2002-02-27,18.021468323175057,10.98644344909644,16.855966176112528,-5.26145248606633
2002-02-28,18.985835424334322,9.308518680104847,16.731518849865406,-4.887367284807903
2002-03-01,19.282971620689654,10.181396692056316,16.815409196726392,-5.973561204971714
2002-03-02,21.17602771527033,9.538020491618571,17.768024199119633,-6.2045177206635485
2002-03-03,21.26474070834221,10.103902803249627,17.40707675884839,-7.990614564144279
2002-03-04,21.064976873786534,9.869186958577748,16.136902992192816,-6.958939241942744
2002-03-05,22.19096119448757,9.834226424039583,17.7012259602854,-7.55494162758434
2002-03-06,21.783602382347706,10.605656448170407,17.940780137609526,-8.698736855406302
2002-03-07,23.66118622925713,10.521458168766738,18.928306613095973,-8.26195054312737
2002-03-08,22.568696285916218,9.515423142379378,19.603689568897543,-8.888007281931149
2002-03-09,22.156001722663365,8.188044961547705,20.252205630691297,-10.19332414972392
2002-03-10,22.93722171796865,7.07338753468737,20.59759765929472,-10.45701056467205
2002-03-11,23.411969779541742,8.146127288644786,20.407093315584387,-10.252002308962254
2002-03-12,22.616337644012855,6.9806478985561915,21.41267366768519,-10.607776739060183
2002-03-13,22.73772129924229,7.211691183874061,21.76208793663072,-10.033908370314524
2002-03-14,21.98221615873793,7.5091413087239784,24.251508774122627,-10.373536645795838
2002-03-15,21.723341471486698,7.790156885139546,24.26648824483252,-10.706074674167457
2002-03-16,21.317333919041094,7.907145344839047,22.06430035601673,-10.83982053491017
2002-03-17,21.3705135489933,6.756373444272717,22.33008816907932,-10.860810792135258
2002-03-18,22.223432991987607,5.319010365342585,22.40533326914571,-11.429816977858447
2002-03-19,24.417527625483253,6.866626824763105,22.64683680236673,-12.539644406510202
2002-03-20,23.700372463950206,6.7305724127119415,24.580644551024225,-14.5426828615188
2002-03-21,25.336142818767065,5.22522339404782,25.50716100832852,-14.646569089495994
2002-03-22,25.688021124003352,4.420592000255502,24.885483537352325,-14.504929689497702
2002-03-23,24.859322147429918,4.24518584167331,24.80072189829883,-16.33861511958901
2002-03-24,24.287355841669278,4.298607672471684,25.430663329025773,-15.899961715607276
2002-03-25,23.2341392175974,5.744716347028316,25.67401667076537,-16.175745908477737
2002-03-26,22.8224416316736,7.101182329544439,27.20006281371719,-16.672520926499846
2002-03-27,21.714660519952417,7.160416676799317,26.283336409751115,-17.589111297741
2002-03-28,20.221873634546988,5.568657753521458,26.207606262869238,-17.146378520428634
2002-03-29,20.04781981326777,5.6696014652704685,24.504067762869546,-16.011188633204032
2002-03-30,19.568214020828783,5.677592041149506,25.586835676452107,-16.2047996019491
2002-03-31,18.061578237501077,5.012884699528892,24.725536665616865,-15.685006760201109
2002-04-01,18.321799091209154,4.843789447720472,24.06264975160099,-15.318868730209525
2002-04-02,19.32012193357162,5.535269251422251,22.660808891061485,-16.448655483141234
2002-04-03,20.12151106047247,6.845484827999586,22.172735961510018,-17.563973285089432
2002-04-04,18.967411465396882,5.790447726584697,22.805782500747757,-17.97105141126324
2002-04-05,18.773532457126734,6.248734694156522,21.418760531387942,-16.95355998911232
2002-04-06,19.968259441166307,5.608922407878724,21.654726006613284,-19.24200373478124
2002-04-07,19.40989034961607,7.212238232957796,21.8294865365893,-19.795098323959095
2002-04-08,20.609729790909682,7.8602375485449505,22.288521421770874,-20.301303116994514
2002-04-09,21.00611284025072,8.383484939274918,23.853022910458,-17.916725072731726
2002-04-10,21.786615274703436,7.8809967335068425,24.582987599755654,-15.189357596223926
2002-04-11,23.955682335464815,7.518368590332551,25.477399491658396,-15.502964659871838
2002-04-12,24.04387395398738,7.194365327389973,25.20991669494433,-15.785006950810187
2002-04-13,25.010164962575068,7.785739382141136,23.96572680869865,-16.641532194030084
2002-04-14,24.679551717985586,9.13339870297555,23.668993308902458,-16.938620376714816
2002-04-15,25.50078843398864,8.558634661091496,24.626463853922747,-16.20931049442766
2002-04-16,24.20669397133386,8.706643672660475,25.13308511919386,-14.057229721369069
2002-04-17,23.886696445665393,7.151562093201318,23.9570446011963,-13.677972590514013
2002-04-18,22.90880111068978,8.17860333048258,23.770172843604747,-12.641835314477886
2002-04-19,21.460875440049186,6.650143962399143,23.750443794875885,-12.204817654974601
2002-04-20,21.24693379654415,6.764375741076093,23.727645116296685,-12.778491588504142
2002-04-21,22.18550709733239,7.2251076515445956,23.056761113386873,-12.430719449164684
2002-04-22,22.797534684744512,7.008886398125941,21.347876353983647,-11.93376109278278
2002-04-23,22.182874231222602,6.770405669091915,20.789665225124057,-12.764832033240488
2002-04-24,23.145747221703502,6.61456943741837,21.961459397417308,-12.416407772294633
2002-04-25,23.107408494407967,6.164534782553622,22.754539267966695,-11.204254337549452
2002-04-26,23.00796564175094,6.443434039301206,22.16518519894854,-10.916677912453808
2002-04-27,23.360685460459575,6.603008394124856,22.95924979533229,-10.17336701571564
2002-04-28,23.33757615369525,7.51719507923414,23.165297043793686,-10.940161609050863
2002-04-29,25.837876683609476,7.403737165577339,22.04418545912311,-9.930584667287883
2002-04-30,26.85032194485537,4.565984420353049,20.48855158886049,-8.044755264128753
2002-05-01,26.021748364588852,5.432495343368,19.913166167731053,-6.901721495339061
2002-05-02,26.192905228997336,5.254566304466984,18.592605922985783,-8.500863516570615
2002-05-03,24.48513506349814,4.294585009920453,16.924468682836142,-7.45374966942037
2002-05-04,24.832203832276594,5.5381923359392955,16.02477198428247,-5.330348270699238
2002-05-05,24.605347831291404,3.6475942402872024,17.52196924642907,-5.267012751450472
2002-05-06,25.02125821691917,4.037230111443242,19.21813213316345,-4.087312142282935
2002-05-07,25.056494093513333,3.176724436517487,17.207177931184546,-5.596105664080019
2002-05-08,26.256168075338316,2.5666645564779587,18.581193534160214,-5.404001286569829
2002-05-09,27.43035921522703,3.0039486448139914,18.391833148685993,-5.744718687785126
2002-05-10,28.430912311607518,3.138414176993726,18.460527042575386,-6.714303285541133
2002-05-11,27.646240135926394,1.9209061868687185,19.816712935264473,-7.372849298468456
2002-05-12,26.762523816020153,2.04294968904975,18.3385179587882,-8.141587896547499
2002-05-13,25.889916180000814,1.8378336115702303,17.974384982902585,-6.716277593443394
2002-05-14,24.948196883930915,1.7764178207956847,19.50643254744891,-8.413703851991944
2002-05-15,26.332266787234147,1.268995489460571,21.53130998481176,-9.428606704878096
2002-05-16,27.204530707518106,2.632111922009415,22.740769803099262,-9.91165785757217
2002-05-17,27.4030126543856,1.5489370894211463,23.719628165771784,-9.853491424448995
2002-05-18,28.99606143120297,1.9792902148438354,23.553089478059192,-10.095019836767285
2002-05-19,29.048803768671984,1.759187249706095,23.223691702861565,-12.807090169842652
2002-05-20,30.693794791823933,1.8355295636917077,24.596992844311778,-13.953157250800036
2002-05-21,31.904407315229108,2.763821593869518,22.822988981930077,-13.708797777859443
2002-05-22,32.66713318032883,2.699857896344316,24.82704957751049,-13.081301360127272
2002-05-23,33.488055788017846,2.8154746855921804,25.39678561034184,-14.59554176326748
2002-05-24,33.22162196364707,2.389157632208327,23.587385391137502,-14.508281141303923
2002-05-25,32.22717161394689,4.702124511896924,22.330940817502523,-13.495519685069098
2002-05-26,34.140509728138014,4.138043397571452,23.835877004692737,-13.048433051240135
2002-05-27,33.916414389223334,3.541431043395784,24.364046931708497,-12.270710750545975
2002-05-28,32.915415607718884,6.46533416972831,25.023720368889343,-11.946430967637264
2002-05-29,33.715117924855484,6.864416878969396,22.392366822905874,-11.616554451978093
2002-05-30,34.58200194059547,8.694745043664259,18.992773683447517,-11.702324502315385
2002-05-31,33.07373837426701,8.04450168700506,21.382053206906832,-11.697149633295421
2002-06-01,34.42067775998721,7.7475725998318765,21.20040417926232,-11.620760366466111
2002-06-02,35.19862974001573,8.233221713908225,20.4111128617545,-13.114164251267516
2002-06-03,35.392535841155144,7.436008664462115,20.875793358332505,-13.850393281185855
2002-06-04,34.93385009081926,6.997371844982165,20.35423307354316,-14.233151474451105
2002-06-05,33.62663434345746,6.657077095033724,20.93459318873145,-14.344442074117362
2002-06-06,32.80040617433777,6.612491728250685,22.175170884260876,-12.726411863045817
2002-06-07,31.29029520723126,7.186082931410243,23.60896672664077,-11.82990637079591
2002-06-08,28.085341178797265,6.737526701060421,23.50207812981843,-10.888656404009698
2002-06-09,27.197533004648594,5.671237869916849,24.926497577263465,-10.369398127412815
2002-06-10,27.61900936414236,6.166726665135146,25.803664908652124,-9.58506356914158
2002-06-11,27.185520644931188,6.404985594353443,26.028984525863617,-10.202413795485537
2002-06-12,26.702158986396135,7.015270169152297,24.76576459451609,-9.119307564107595
2002-06-13,27.365253239667613,8.295059676579006,24.337195161532037,-7.83039959381186
2002-06-14,28.27137355161134,8.359879404448861,24.421827286705327,-6.49943718711941
2002-06-15,27.2784614702318,8.031836283362058,24.13078864327053,-6.376775525563173
2002-06-16,27.53072000470836,6.450422819636316,23.757730434617585,-5.527405231424193
2002-06-17,28.044628615940557,8.356414441149326,24.179110616739457,-5.611523759750363
2002-06-18,28.832069079872,8.728074159200332,25.31572553051219,-4.9586669646274775
2002-06-19,26.94433866448609,9.621338280677717,24.616890544386244,-4.223214562400504
2002-06-20,28.515476912917126,8.405860198122815,25.438443405034096,-4.371780762364716
2002-06-21,30.27915497039026,9.260476543571137,25.290457268931554,-4.826033743252143
2002-06-22,30.781434676339497,9.352270455194308,26.486187952906672,-5.222416484829049
2002-06-23,31.63045126518825,9.536057602241856,27.185803003487514,-5.387426277250312
2002-06-24,30.398947076604788,11.197243634433857,26.159791739006174,-4.1772358626525286
2002-06-25,30.022431382109268,10.81351054971919,26.547347120251008,-3.247999197403736
2002-06-26,29.22063482536803,12.22372844808475,27.04245468860517,-3.3673497099317413
2002-06-27,27.76454280808586,13.699399130898396,26.944786588542247,-4.353024856441022
2002-06-28,26.236786956428816,13.525330897532049,26.975004812807782,-3.510694763452209
2002-06-29,27.678119109381697,14.005366197201178,27.024817434929513,-3.1123242532769377
2002-06-30,27.577721093943783,12.17042699000833,28.24377264565321,-3.82739678407105
2002-07-01,27.600143153014898,13.152166013784294,27.894214464642772,-3.7917825736268687
2002-07-02,26.72700034362004,11.42165316827458,29.18527159128281,-2.9758569404987845
2002-07-03,27.433218767425906,12.703352001952451,27.901320724436776,-2.2459450173704156
2002-07-04,26.655317187681852,12.852425378184185,26.36190500991411,-1.4198744072236198
2002-07-05,24.75926500786169,12.806327128329224,27.469038026983117,-0.5923677549344968
2002-07-06,25.506107372581425,11.563459821499626,27.509957222003116,-0.12666574799901953
2002-07-07,27.494890638106234,11.77912590736731,27.641713040943035,0.5531769748694146
2002-07-08,27.597915464072045,12.65963869441369,28.02476061155546,0.49689667963721956
2002-07-09,26.798524858215316,13.118623802474536,29.364283786587084,1.307443705355597
2002-07-10,27.277136958024975,14.153907425283572,28.50757641228223,1.0194071582578155
2002-07-11,26.015345275560257,13.88621946255529,27.31212970121477,1.4729135604883687
2002-07-12,24.986839779255543,15.68212541723974,26.594579869404438,1.1827985335678743
2002-07-13,24.294662582220433,14.893950769544775,24.94048362146474,2.356805158107
2002-07-14,25.12561587122967,15.753462862561223,24.3701614167745,1.5197307300959362
2002-07-15,26.254096210409916,16.930615793500944,23.29657416261728,1.4137665685341159
2002-07-16,25.915562137305674,17.419121533456348,22.659713351395343,0.23086147005434188
2002-07-17,26.61910935899664,16.70281234839193,22.433116470104373,-1.716035103660136
2002-07-18,27.640762091838226,16.64364778948942,23.68025689123061,-4.682313107643744
2002-07-19,28.193849829785396,15.009217603758856,24.235258982519923,-2.82980053560868
2002-07-20,27.767643414458966,14.699084067450947,24.525923439845183,-1.4223662316331194
2002-07-21,29.864754056477235,14.906018946263686,24.688013992463162,-1.3061166565450428
2002-07-22,29.219064682606987,15.522856655613873,25.30006430015279,-2.013966728461663
2002-07-23,28.598702035826403,15.710797624841495,24.905410371354236,-0.8466177705549258
2002-07-24,29.331918254858465,16.87720167806916,23.869146441581346,-3.3090111909791915
2002-07-25,31.392108156903213,15.910367568288713,21.90773110215436,-3.8485356189927433
2002-07-26,33.538602015338675,16.258171853602175,21.57255970470214,-3.0360927703500575
2002-07-27,33.6822802699549,17.32565374993464,22.624435205849572,-3.0744224502334974
2002-07-28,32.235246080389835,16.568711789319753,23.568333133248185,-2.520622078390609
2002-07-29,33.24735543208406,15.45619976330814,25.285044795197273,-3.2773854362893533
2002-07-30,32.997940427391,15.789711766774765,24.19413262392512,-1.2896013305298404
2002-07-31,32.613216287906006,16.382120817827623,26.065871512267996,-1.943641975918593
2002-08-01,34.9195122732326,15.16642347158107,26.36178247421395,-1.457942542529118
2002-08-02,35.34720595775186,15.135641608602228,27.935032627277625,-0.9969347705219965
2002-08-03,33.989209483422584,16.800716900245693,28.077684532095134,-2.3438781911576
2002-08-04,32.04916411952456,16.26368091294575,27.382792475236375,-3.5533358502911456
2002-08-05,32.46694834673854,16.93666075007324,29.3600437324754,-4.041588256659925
2002-08-06,30.51314100447142,18.66876093503586,27.643576949314987,-3.986597330208749
2002-08-07,31.712507140268443,17.796499536138633,29.507438722488747,-4.037598656431181
2002-08-08,32.30659378141042,16.87869467607239,29.508297755924207,-3.6912193034124434
2002-08-09,32.08627376221461,19.771130390301867,29.224322767403915,-2.623364410215841
2002-08-10,30.197631923693525,20.260808901190625,27.759250637805195,-3.4364667392675803
2002-08-11,31.317798512139287,21.513502381848415,28.35394722965094,-3.202836371957789
2002-08-12,31.445508364682333,20.430689689340298,30.26862132569073,-4.099539809847483
2002-08-13,31.259591843302633,21.82768821747202,29.586071531353454,-3.1773681403288814
2002-08-14,29.939206542857143,21.216244826139324,30.217175887948237,-3.860176623592034
2002-08-15,29.80135971330586,19.744572727921106,29.978309883723085,-3.940983167054981
2002-08-16,30.220109766703967,19.70973040441174,29.920944482774853,-4.710377622354747
2002-08-17,32.526977681987574,20.227220002558063,28.33401319917106,-3.1136723701251436
2002-08-18,32.63637511127472,20.605725633008,29.02286224500831,-3.0264859051155697
2002-08-19,35.57744866576877,21.49288074206511,28.762619071593022,-4.828901070336602
2002-08-20,34.88627322155495,20.682267207852593,29.156759882451183,-3.797323279352808
2002-08-21,34.42943744161736,18.880050649672327,28.42637338318967,-4.031565518871754
2002-08-22,34.163834380184866,19.317952517566493,26.95797651846709,-5.137511363165082
2002-08-23,34.00996095218998,20.20838186566638,27.883635351508655,-3.193547299127377
2002-08-24,33.86178284850161,20.215698583515547,29.013507021329204,-1.1464673420557374
2002-08-25,33.414033473665434,22.18848470792364,28.600790264285497,0.38041806771006303
2002-08-26,33.258505816016786,21.751802910261944,29.099809612881565,0.9070824539100941
2002-08-27,34.61305652057309,21.89204671137199,29.466653709359083,1.2903290671458976
2002-08-28,35.5008639228574,20.871693910045963,30.42515509975041,2.155533807984003
2002-08-29,33.9491677302079,21.222863241743976,30.910900794204668,1.6020159479422618
2002-08-30,33.5155377223242,21.994322830526187,29.32756622070552,1.386288958584966
2002-08-31,33.02354801059595,19.205392455892063,28.54772403052046,0.5350443898453492
2002-09-01,32.67036711866526,17.917012029294703,28.553993267395192,-0.7734142303387033
2002-09-02,33.71091049829098,18.92275485054596,28.146103667069976,-0.9702791037215613
2002-09-03,33.41420366380124,18.28048460016948,27.22277103369605,-0.7165296082742872
2002-09-04,33.30676239429984,18.10316534734932,29.56512683873437,1.8777503417218062
2002-09-05,32.39731305370827,18.03060968199713,29.415187578794896,0.5770312557447443
2002-09-06,32.17331643440053,17.319804380419924,30.73991092172373,3.0885860043660895
2002-09-07,31.94348018420135,16.798627382750304,31.051492342690697,1.2565690992234364
2002-09-08,32.70530890690747,16.157575600216553,29.418921476441263,1.956403827209587
2002-09-09,32.20838129036474,16.676653165488155,29.91974204936676,2.4028518297093857
2002-09-10,31.56663243272522,16.356666128334922,29.39806004549414,3.7180018582296963
2002-09-11,32.780910043444855,15.754808153148142,29.7028402425423,4.391592577295477
2002-09-12,33.233518346407315,13.78998913148051,29.238131832768197,4.843057652259005
2002-09-13,33.000874443820514,12.55165648453085,28.80489406059562,6.389141940813212
2002-09-14,34.582884643344876,11.537749660279376,29.16461486531448,4.757679323055224
2002-09-15,35.60384191237616,12.042919889662754,29.74463586614877,4.0937306186552584
2002-09-16,36.08458012029909,12.172507762411152,29.517560052079048,4.134567963070483
2002-09-17,35.69459940577023,10.896977744455974,30.916991805034108,2.7995011906103766
2002-09-18,34.18186250032593,12.529914397255975,31.310309446869137,4.047227281056885
2002-09-19,33.51124446529091,11.99958814403581,31.09182741347304,4.1376442589433475
2002-09-20,33.39802810677778,12.68050217438145,32.852277506556376,3.92004960844539
2002-09-21,34.30986974877375,12.197550178825985,32.10724597941486,3.675418916356756
2002-09-22,33.42632627596811,13.043977269321116,32.21496490302692,3.9803287809182186
2002-09-23,32.62055601325881,12.80367802539086,32.82280140023571,2.1284305701518074
2002-09-24,33.07683185267855,13.544817670141905,32.63543675644614,2.2000040565306196
2002-09-25,33.65124652973886,13.01694630142649,32.22810516172069,1.4811011081753156
2002-09-26,32.74167131160073,13.14754027258245,30.91947687173211,0.006737378424945151
